<?xml version="1.0"?>
<!--<!DOCTYPE metadata SYSTEM "http://www.esri.com/metadata/esriprof80.dtd">-->
<metadata xml:lang="en"><idinfo><native Sync="TRUE">Microsoft Windows XP Version 5.1 (Build 2600) Service Pack 2; ESRI ArcCatalog 9.2.1.1332</native><descript><langdata Sync="TRUE">en</langdata><abstract>Villages</abstract><purpose>Villages</purpose><supplinf>File based on CSO Census information from 1994.  GPS locations were taken after original 1994 census.  This 1994 village-level population data file has not been cleaned or verified; it will be replaced when 2004 Census results are available from the Central Statistical Organization.</supplinf></descript><citation><citeinfo><origin>Central Statistics Organization</origin><pubdate>Unknown</pubdate><title Sync="TRUE">villages1994</title><ftname Sync="TRUE">villages1994</ftname><geoform Sync="TRUE">vector digital data</geoform></citeinfo></citation><timeperd><current>ground condition</current><timeinfo><sngdate><caldate>unknown</caldate></sngdate></timeinfo></timeperd><status><progress>Complete</progress><update>Unknown</update></status><spdom><bounding><westbc Sync="TRUE">40.511256</westbc><eastbc Sync="TRUE">54.519171</eastbc><northbc Sync="TRUE">18.656653</northbc><southbc Sync="TRUE">0.000000</southbc></bounding><lboundng><leftbc Sync="TRUE">40.511256</leftbc><rightbc Sync="TRUE">54.519171</rightbc><bottombc Sync="TRUE">0.000000</bottombc><topbc Sync="TRUE">18.656653</topbc></lboundng></spdom><keywords><theme><themekt>Villages, Towns, Cities</themekt><themekey>Villages, Towns, Cities</themekey></theme></keywords><accconst>None</accconst><useconst>None</useconst><natvform Sync="TRUE">Shapefile</natvform><ptcontac><cntinfo><cntorgp><cntorg>Central Statistics Organization</cntorg></cntorgp></cntinfo></ptcontac><datacred>Central Statistics Organization</datacred></idinfo><dataIdInfo><envirDesc Sync="TRUE">Microsoft Windows XP Version 5.1 (Build 2600) Service Pack 2; ESRI ArcCatalog 9.2.1.1332</envirDesc><dataLang><languageCode Sync="TRUE" value="en"></languageCode></dataLang><idCitation><resTitle Sync="TRUE">villages1994</resTitle><presForm><PresFormCd Sync="TRUE" value="005"></PresFormCd></presForm></idCitation><spatRpType><SpatRepTypCd Sync="TRUE" value="001"></SpatRepTypCd></spatRpType><dataExt><geoEle><GeoBndBox esriExtentType="native"><westBL Sync="TRUE">40.511256</westBL><eastBL Sync="TRUE">54.519171</eastBL><northBL Sync="TRUE">18.656653</northBL><southBL Sync="TRUE">0</southBL><exTypeCode Sync="TRUE">1</exTypeCode></GeoBndBox></geoEle></dataExt><geoBox esriExtentType="decdegrees"><westBL Sync="TRUE">40.511256</westBL><eastBL Sync="TRUE">54.519171</eastBL><northBL Sync="TRUE">18.656653</northBL><southBL Sync="TRUE">0</southBL><exTypeCode Sync="TRUE">1</exTypeCode></geoBox></dataIdInfo><metainfo><langmeta Sync="TRUE">en</langmeta><metstdn Sync="TRUE">FGDC Content Standards for Digital Geospatial Metadata</metstdn><metstdv Sync="TRUE">FGDC-STD-001-1998</metstdv><mettc Sync="TRUE">local time</mettc><metc><cntinfo><cntorgp><cntper>REQUIRED: The person responsible for the metadata information.</cntper><cntorg>REQUIRED: The organization responsible for the metadata information.</cntorg></cntorgp><cntaddr><addrtype>REQUIRED: The mailing and/or physical address for the organization or individual.</addrtype><city>REQUIRED: The city of the address.</city><state>REQUIRED: The state or province of the address.</state><postal>REQUIRED: The ZIP or other postal code of the address.</postal></cntaddr><cntvoice>REQUIRED: The telephone number by which individuals can speak to the organization or individual.</cntvoice></cntinfo></metc><metd Sync="TRUE">20070409</metd><metextns><onlink Sync="TRUE">http://www.esri.com/metadata/esriprof80.html</onlink><metprof Sync="TRUE">ESRI Metadata Profile</metprof></metextns></metainfo><mdLang><languageCode Sync="TRUE" value="en"></languageCode></mdLang><mdStanName Sync="TRUE">ISO 19115 Geographic Information - Metadata</mdStanName><mdStanVer Sync="TRUE">DIS_ESRI1.0</mdStanVer><mdChar><CharSetCd Sync="TRUE" value="004"></CharSetCd></mdChar><mdHrLv><ScopeCd Sync="TRUE" value="005"></ScopeCd></mdHrLv><mdHrLvName Sync="TRUE">dataset</mdHrLvName><distinfo><resdesc Sync="TRUE">Downloadable Data</resdesc><stdorder><digform><digtinfo><transize Sync="TRUE">3.225</transize><dssize Sync="TRUE">3.225</dssize></digtinfo></digform></stdorder></distinfo><distInfo><distributor><distorTran><onLineSrc><orDesc Sync="TRUE">002</orDesc><protocol Sync="TRUE">Local Area Network</protocol></onLineSrc><transSize Sync="TRUE">3.225</transSize></distorTran><distorFormat><formatName Sync="TRUE">Shapefile</formatName></distorFormat></distributor></distInfo><spdoinfo><direct Sync="TRUE">Vector</direct><ptvctinf><esriterm Name="villages1994"><efeatyp Sync="TRUE">Simple</efeatyp><efeageom Sync="TRUE">Point</efeageom><esritopo Sync="TRUE">FALSE</esritopo><efeacnt Sync="TRUE">120784</efeacnt><spindex Sync="TRUE">TRUE</spindex><linrefer Sync="TRUE">FALSE</linrefer></esriterm><sdtsterm Name="villages1994"><sdtstype Sync="TRUE">Entity point</sdtstype><ptvctcnt Sync="TRUE">120784</ptvctcnt></sdtsterm></ptvctinf></spdoinfo><spref><horizsys><cordsysn><geogcsn Sync="TRUE">GCS_WGS_1984</geogcsn></cordsysn><geodetic><horizdn Sync="TRUE">D_WGS_1984</horizdn><ellips Sync="TRUE">WGS_1984</ellips><semiaxis Sync="TRUE">6378137.000000</semiaxis><denflat Sync="TRUE">298.257224</denflat></geodetic><geograph><geogunit Sync="TRUE">Decimal degrees</geogunit><latres Sync="TRUE">0.000000</latres><longres Sync="TRUE">0.000000</longres></geograph></horizsys><vertdef><altsys><altenc Sync="TRUE">Explicit elevation coordinate included with horizontal coordinates</altenc><altres Sync="TRUE">0.000010</altres></altsys></vertdef></spref><refSysInfo><RefSystem><refSysID><identCode Sync="TRUE">GCS_WGS_1984</identCode></refSysID></RefSystem></refSysInfo><spatRepInfo><VectSpatRep><topLvl><TopoLevCd Sync="TRUE" value="001"></TopoLevCd></topLvl><geometObjs Name="villages1994"><geoObjTyp><GeoObjTypCd Sync="TRUE" value="004"></GeoObjTypCd></geoObjTyp><geoObjCnt Sync="TRUE">120784</geoObjCnt></geometObjs></VectSpatRep></spatRepInfo><eainfo><detailed Name="villages1994"><attr><attrlabl Sync="TRUE">TOT_M_F</attrlabl><attalias Sync="TRUE">TOT_M_F</attalias><attrtype Sync="TRUE">Double</attrtype><attwidth Sync="TRUE">8</attwidth><atprecis Sync="TRUE">0</atprecis><attscale Sync="TRUE">0</attscale></attr><enttyp><enttypl Sync="TRUE">villages1994</enttypl><enttypt Sync="TRUE">Feature Class</enttypt><enttypc Sync="TRUE">120784</enttypc></enttyp><attr><attrlabl Sync="TRUE">Shape</attrlabl><attalias Sync="TRUE">Shape</attalias><attrtype Sync="TRUE">Geometry</attrtype><attwidth Sync="TRUE">0</attwidth><atprecis Sync="TRUE">0</atprecis><attscale Sync="TRUE">0</attscale><attrdef Sync="TRUE">Feature geometry.</attrdef><attrdefs Sync="TRUE">ESRI</attrdefs><attrdomv><udom Sync="TRUE">Coordinates defining the features.</udom></attrdomv></attr><attr><attrlabl Sync="TRUE">GOV_DA</attrlabl><attalias Sync="TRUE">GOV_DA</attalias><attrtype Sync="TRUE">String</attrtype><attwidth Sync="TRUE">20</attwidth></attr><attr><attrlabl Sync="TRUE">OLD_DIST</attrlabl><attalias Sync="TRUE">OLD_DIST</attalias><attrtype Sync="TRUE">String</attrtype><attwidth Sync="TRUE">20</attwidth></attr><attr><attrlabl Sync="TRUE">NEW_DIST</attrlabl><attalias Sync="TRUE">NEW_DIST</attalias><attrtype Sync="TRUE">String</attrtype><attwidth Sync="TRUE">46</attwidth></attr><attr><attrlabl Sync="TRUE">SUBDIST_DA</attrlabl><attalias Sync="TRUE">SUBDIST_DA</attalias><attrtype Sync="TRUE">String</attrtype><attwidth Sync="TRUE">20</attwidth></attr><attr><attrlabl Sync="TRUE">GEN_NAME</attrlabl><attalias Sync="TRUE">GEN_NAME</attalias><attrtype Sync="TRUE">String</attrtype><attwidth Sync="TRUE">40</attwidth></attr><attr><attrlabl Sync="TRUE">V_C_NAME</attrlabl><attalias Sync="TRUE">V_C_NAME</attalias><attrtype Sync="TRUE">String</attrtype><attwidth Sync="TRUE">23</attwidth></attr><attr><attrlabl Sync="TRUE">PP_D</attrlabl><attalias Sync="TRUE">PP_D</attalias><attrtype Sync="TRUE">String</attrtype><attwidth Sync="TRUE">23</attwidth></attr><attr><attrlabl Sync="TRUE">RES</attrlabl><attalias Sync="TRUE">RES</attalias><attrtype Sync="TRUE">String</attrtype><attwidth Sync="TRUE">50</attwidth></attr><attr><attrlabl Sync="TRUE">OLD_PPC</attrlabl><attalias Sync="TRUE">OLD_PPC</attalias><attrtype Sync="TRUE">String</attrtype><attwidth Sync="TRUE">11</attwidth></attr><attr><attrlabl Sync="TRUE">NEW_PPC</attrlabl><attalias Sync="TRUE">NEW_PPC</attalias><attrtype Sync="TRUE">String</attrtype><attwidth Sync="TRUE">11</attwidth></attr><attr><attrlabl Sync="TRUE">FAMILY</attrlabl><attalias Sync="TRUE">FAMILY</attalias><attrtype Sync="TRUE">Float</attrtype><attwidth Sync="TRUE">19</attwidth><atnumdec Sync="TRUE">11</atnumdec></attr><attr><attrlabl Sync="TRUE">HOUSE</attrlabl><attalias Sync="TRUE">HOUSE</attalias><attrtype Sync="TRUE">Float</attrtype><attwidth Sync="TRUE">19</attwidth><atnumdec Sync="TRUE">11</atnumdec></attr><attr><attrlabl Sync="TRUE">MALE</attrlabl><attalias Sync="TRUE">MALE</attalias><attrtype Sync="TRUE">Float</attrtype><attwidth Sync="TRUE">19</attwidth><atnumdec Sync="TRUE">11</atnumdec></attr><attr><attrlabl Sync="TRUE">FEMALE</attrlabl><attalias Sync="TRUE">FEMALE</attalias><attrtype Sync="TRUE">Float</attrtype><attwidth Sync="TRUE">19</attwidth><atnumdec Sync="TRUE">11</atnumdec></attr><attr><attrlabl Sync="TRUE">FID</attrlabl><attalias Sync="TRUE">FID</attalias><attrtype Sync="TRUE">Float</attrtype><attwidth Sync="TRUE">19</attwidth><attrdef Sync="TRUE">Internal feature number.</attrdef><attrdefs Sync="TRUE">ESRI</attrdefs><attrdomv><udom Sync="TRUE">Sequential unique whole numbers that are automatically generated.</udom></attrdomv><atnumdec Sync="TRUE">11</atnumdec></attr></detailed></eainfo><mdDateSt Sync="TRUE">20070409</mdDateSt><dataqual><lineage><procstep><procdesc Sync="TRUE">Dataset copied.</procdesc><srcused Sync="TRUE">\\BE6199\I\DATA\DATASET\GeoDatabases\VillagesGDB.mdb</srcused><date Sync="TRUE">20060227</date><time Sync="TRUE">15292000</time></procstep></lineage></dataqual><Esri><SyncDate>20070409</SyncDate><SyncTime>16291800</SyncTime><ModDate>20070409</ModDate><ModTime>16291800</ModTime><DataProperties></DataProperties></Esri></metadata>
