<?xml version="1.0" encoding="ISO-8859-1"?>
<metadata>
	<idinfo>
		<citation>
			<citeinfo>
				<origin>YPHR</origin>
				<pubdate>REQUIRED: The date when the data set is published or otherwise made available for release.</pubdate>
				<title Sync="TRUE">villages2004</title>
				<geoform Sync="TRUE">vector digital data</geoform>
			
				<ftname Sync="TRUE">villages2004</ftname></citeinfo>
		</citation>
		<descript>
			<abstract>The 2004 Villages GIS data file is an update to the 1994 Villages GIS data.  Using the original 1994 village locations, a 2004 population point data coverage was created from 2004 Census district-level data, age group-based 2003 population projections, and 1994 Census village-level population data obtained from the Yemen Central Statistics Organization (CSO).  In addition to the 2004 data being more current than the original 1994 data, the 2004 population data have categories for gender and five age groups.</abstract>
			<purpose>These data were developped for demographic analyses. These data will be replaced when more comprehensive 2004 Census results are available from CSO for these areas and the remainder of Yemen governorates.</purpose>
			<langdata Sync="TRUE">en</langdata><supplinf>In order to create village-level 2004 population estimates, the 1994 population count of each village was converted to a percentage of the district's total population for that year. Then, the percentage of the village population multiplied by the district's 2004 total population count equals the new estimated 2004 population for each of the villages. 

For five governorates (Al Jawf, Amran, Marib, Sa'adah, and Shabwah), CSO provided to YPHR district-level statistical data from the 2004 Census listed by gender for five age groups: 0-4 years, 5-15 years, 16-44 years, 45-59 years, and greater than 60 years of age.  For these governorates, the estimated village population by age group by gender was calculated from the percentage of the district's population in each age group by gender multiplied by the village's total estimated population. For the remaining governorates, the 2003 national population projection by gender by single-year age was aggregated into the same five age groups and then converted into a percentage to determine a national rate for each age group.  These national rates were then applied to the village-level population counts to create estimates of these population groups.

See supplemental table 'AgeGroupRates' for individual rates used in each district.</supplinf></descript>
		<timeperd>
			<timeinfo>
				<sngdate>
					<caldate>2004</caldate>
				</sngdate>
			</timeinfo>
			<current>ground condition</current>
		</timeperd>
		<status>
			<progress>In work</progress>
			<update>As needed</update>
		</status>
		<spdom>
			<bounding>
				<westbc Sync="TRUE">42.569629</westbc>
				<eastbc Sync="TRUE">54.519171</eastbc>
				<northbc Sync="TRUE">18.656653</northbc>
				<southbc Sync="TRUE">12.168410</southbc>
			</bounding>
			<lboundng><leftbc Sync="TRUE">42.569629</leftbc><rightbc Sync="TRUE">54.519171</rightbc><bottombc Sync="TRUE">12.168410</bottombc><topbc Sync="TRUE">18.656653</topbc></lboundng></spdom>
		<keywords>
			<theme>
				<themekt>REQUIRED: Reference to a formally registered thesaurus or a similar authoritative source of theme keywords.</themekt>
				<themekey>Population</themekey>
			</theme>
			<place>
				<placekey>Yemen</placekey>
			</place>
			<temporal>
				<tempkey>2004</tempkey>
			</temporal>
		</keywords>
		<accconst>United States Agency of Internation Development and  Yemen Partners for Health Reform (YPHR) purposes</accconst>
		<useconst>United States Agency of Internation Development and Yemen Partners for Health Reform (YPHR) purposes</useconst>
		<datacred>United States Agency of Internation Development and Yemen Partners for Health Reform (YPHR), 2007.</datacred>
		<native Sync="TRUE">Microsoft Windows XP Version 5.1 (Build 2600) Service Pack 2; ESRI ArcCatalog 9.2.1.1332</native>
		<natvform Sync="TRUE">Shapefile</natvform></idinfo>
	<dataqual>

		<lineage>
			<procstep>
				<procdesc>Summarize original village population by district (1994)</procdesc>
				<srcused>Villages</srcused>
				<srcused>District age and gender statistics table</srcused>
				<procdate>2/2007</procdate>
			</procstep>
			<procstep>
				<procdesc>Calculate the percent village population of its respective district (1994)</procdesc>
				<procdate>2/2007</procdate>
			</procstep>
			<procstep>
				<procdesc>Import CSO 2004 Age and Gender by District provided for the five governorates: Al Jawf, Amran, Marib, Saadah, and Shabwa.</procdesc>
				<srcused>CSO 2004 Age and Gender by District</srcused>
				<procdate>2/2007</procdate>
			</procstep>
			<procstep>
				<procdesc>Import District Population by Gender for all of Yemen provided by Yemen Partners for Health Reform Plus.</procdesc>
				<srcused>Population_I_Final.xls</srcused>
				<procdate>2/2007</procdate>
			</procstep>
			<procstep>
				<procdesc>
Create percent for each age group and gender combination:
1.) If given age and gender by district use these in the five governorates: Al Jawf, Amran, Marib, Saadah, and Shabwa have age statistics by gender.  In these governorates, CSO provided to YPHR district-level statistical data for 2004 by gender and five age groups: 0-4 years, 5-15 years, 16-44 years, 45-59 years, and greater than 60 years of age.  
2.) If age and gender by district data are not available, use the national statistics from CSO (2003) aggregated to the same age groups by gender: 0-4 years, 5-15 years, 16-44 years, 45-59 years, and greater than 60 years of age.
</procdesc>
				<srcused>http://www.cso-yemen.org/statistics/population.xls</srcused>
				<procdate>2/2007</procdate>
			</procstep>
			<procstep>
				<procdesc>Calculate population by age and gender by multiplying the estimated 2004 population by the percent age and gender of the total population by district.</procdesc>
				<procdate>2/2007</procdate>
			</procstep>
			<procstep>
				<procdesc>
Clip village data to yemen district boundaries. 
Results excluded 7811 village points
</procdesc>
				<srcused>Administrative District boundaries</srcused>
				<procdate>2/2007</procdate>
			</procstep>
			<procstep><procdesc Sync="TRUE">Metadata imported.</procdesc><srcused Sync="TRUE">C:\DOCUME~1\BLANKE~1\LOCALS~1\Temp\xml10F.tmp</srcused><date Sync="TRUE">20070228</date><time Sync="TRUE">08552300</time></procstep></lineage>
	</dataqual>
	<spdoinfo>
		<direct Sync="TRUE">Vector</direct>
		<ptvctinf>
			<sdtsterm Name="villages2004">
				<sdtstype Sync="TRUE">Entity point</sdtstype>
				<ptvctcnt Sync="TRUE">112974</ptvctcnt>
			</sdtsterm>
			<esriterm Name="villages2004"><efeatyp Sync="TRUE">Simple</efeatyp><efeageom Sync="TRUE">Point</efeageom><esritopo Sync="TRUE">FALSE</esritopo><efeacnt Sync="TRUE">112974</efeacnt><spindex Sync="TRUE">TRUE</spindex><linrefer Sync="TRUE">FALSE</linrefer></esriterm></ptvctinf>
	</spdoinfo>
	<spref>
		<horizsys>
			<geograph>
				<latres Sync="TRUE">0.000000</latres>
				<longres Sync="TRUE">0.000000</longres>
				<geogunit Sync="TRUE">Decimal degrees</geogunit>
			</geograph>
			<geodetic>
				<horizdn Sync="TRUE">D_WGS_1984</horizdn>
				<ellips Sync="TRUE">WGS_1984</ellips>
				<semiaxis Sync="TRUE">6378137.000000</semiaxis>
				<denflat Sync="TRUE">298.257224</denflat>
			</geodetic>
			<cordsysn><geogcsn Sync="TRUE">GCS_WGS_1984</geogcsn></cordsysn></horizsys>
		<vertdef>
			<altsys>
				<altres Sync="TRUE">0.000010</altres>
				<altenc Sync="TRUE">Explicit elevation coordinate included with horizontal coordinates</altenc>
			</altsys>
		</vertdef>
	</spref>
	<eainfo>
		<detailed Name="villages2004">
			<enttyp>
				<enttypl Sync="TRUE">villages2004</enttypl>
				<enttypt Sync="TRUE">Feature Class</enttypt><enttypc Sync="TRUE">112974</enttypc></enttyp>
			<attr>
				<attrlabl>Shape</attrlabl>
				<attrdef>Feature geometry.</attrdef>
				<attrdefs>ESRI</attrdefs>
				<attrdomv>
					<udom>Coordinates defining the features.</udom>
				</attrdomv>
			</attr>
			<attr>
				<attrlabl>NEW_PPC</attrlabl>
				<attrdef>NEW PPC</attrdef>
			</attr>
			<attr>
				<attrlabl>O_ID</attrlabl>
				<attrdef>O ID</attrdef>
				<attrtype Sync="TRUE">String</attrtype><attwidth Sync="TRUE">11</attwidth></attr>
			<attr><attrlabl Sync="TRUE">FID</attrlabl><attalias Sync="TRUE">FID</attalias><attrtype Sync="TRUE">Number</attrtype><attwidth Sync="TRUE">4</attwidth><attrdef Sync="TRUE">Internal feature number.</attrdef><attrdefs Sync="TRUE">ESRI</attrdefs><attrdomv><udom Sync="TRUE">Sequential unique whole numbers that are automatically generated.</udom></attrdomv></attr><attr><attrlabl Sync="TRUE">DistID</attrlabl><attalias Sync="TRUE">DistID</attalias><attrtype Sync="TRUE">Number</attrtype><attwidth Sync="TRUE">4</attwidth></attr><attr><attrlabl Sync="TRUE">GovID</attrlabl><attalias Sync="TRUE">GovID</attalias><attrtype Sync="TRUE">String</attrtype><attwidth Sync="TRUE">254</attwidth></attr><attr><attrlabl Sync="TRUE">District</attrlabl><attalias Sync="TRUE">District</attalias><attrtype Sync="TRUE">Number</attrtype><attwidth Sync="TRUE">9</attwidth></attr><attr><attrlabl Sync="TRUE">M_0_4y</attrlabl><attalias Sync="TRUE">M_0_4y</attalias><attrtype Sync="TRUE">Number</attrtype><attwidth Sync="TRUE">9</attwidth></attr><attr><attrlabl Sync="TRUE">M_5_15y</attrlabl><attalias Sync="TRUE">M_5_15y</attalias><attrtype Sync="TRUE">Number</attrtype><attwidth Sync="TRUE">9</attwidth></attr><attr><attrlabl Sync="TRUE">M_16_44y</attrlabl><attalias Sync="TRUE">M_16_44y</attalias><attrtype Sync="TRUE">Number</attrtype><attwidth Sync="TRUE">9</attwidth></attr><attr><attrlabl Sync="TRUE">M45_59y</attrlabl><attalias Sync="TRUE">M45_59y</attalias><attrtype Sync="TRUE">Number</attrtype><attwidth Sync="TRUE">9</attwidth></attr><attr><attrlabl Sync="TRUE">M_60y</attrlabl><attalias Sync="TRUE">M_60y</attalias><attrtype Sync="TRUE">Number</attrtype><attwidth Sync="TRUE">9</attwidth></attr><attr><attrlabl Sync="TRUE">F_0_4y</attrlabl><attalias Sync="TRUE">F_0_4y</attalias><attrtype Sync="TRUE">Number</attrtype><attwidth Sync="TRUE">9</attwidth></attr><attr><attrlabl Sync="TRUE">F_5_15y</attrlabl><attalias Sync="TRUE">F_5_15y</attalias><attrtype Sync="TRUE">Number</attrtype><attwidth Sync="TRUE">9</attwidth></attr><attr><attrlabl Sync="TRUE">F_16_44y</attrlabl><attalias Sync="TRUE">F_16_44y</attalias><attrtype Sync="TRUE">Number</attrtype><attwidth Sync="TRUE">9</attwidth></attr><attr><attrlabl Sync="TRUE">F_45_59y</attrlabl><attalias Sync="TRUE">F_45_59y</attalias><attrtype Sync="TRUE">Number</attrtype><attwidth Sync="TRUE">9</attwidth></attr><attr><attrlabl Sync="TRUE">F_60y</attrlabl><attalias Sync="TRUE">F_60y</attalias><attrtype Sync="TRUE">Number</attrtype><attwidth Sync="TRUE">9</attwidth></attr><attr><attrlabl Sync="TRUE">TotalPop</attrlabl><attalias Sync="TRUE">TotalPop</attalias><attrtype Sync="TRUE">Number</attrtype><attwidth Sync="TRUE">9</attwidth></attr><attr><attrlabl Sync="TRUE">M_Pop</attrlabl><attalias Sync="TRUE">M_Pop</attalias><attrtype Sync="TRUE">Number</attrtype><attwidth Sync="TRUE">9</attwidth></attr><attr><attrlabl Sync="TRUE">F_Pop</attrlabl><attalias Sync="TRUE">F_Pop</attalias><attrtype Sync="TRUE">Number</attrtype><attwidth Sync="TRUE">9</attwidth></attr></detailed>
	</eainfo>
	<distinfo>
		<distrib>
			<cntinfo>
				<cntorgp>
					<cntorg>United States Agency of International Development / PHR Plus</cntorg>
				</cntorgp>
			</cntinfo>
		</distrib>
		<resdesc>Downloadable Data</resdesc>
		<distliab>
THIS IS NOT A LEGAL DOCUMENT. The GIS material is made available as a public service. Maps and data are to be used for reference purposes only and United States Agency of International Development and YPHR, are not responsible for any inaccuracies herein contained. No responsibility is assumed for damages or other liabilities due to the accuracy, availability, use or misuse of the information herein provided. GIS information is in the public domain and may be copied without permission; citation of the source is appreciated. 

The information contained on the cadastral maps is used to locate, identify and inventory village populations for reference and analysis purposes only and is NOT to be construed or used as a "legal description." Map information is believed to be accurate but accuracy is not guaranteed. Any errors or omissions should be reported to USAID / YPHR. In no event will USAID and PHR Plus be liable for any damages, including loss of data, lost profits, business interruption, loss of business information or other pecuniary loss that might arise from the use of maps or the information they contain.
</distliab>
		<availabl>
			<timeinfo>
				<sngdate>
					<caldate>2007</caldate>
				</sngdate>
			</timeinfo>
		</availabl>
		<stdorder><digform><digtinfo><transize Sync="TRUE">3.017</transize><dssize Sync="TRUE">3.017</dssize></digtinfo></digform></stdorder></distinfo>
	<metainfo>
		<metd Sync="TRUE">20070409</metd>
		<metc>
			<cntinfo>
				<cntorgp>
					<cntorg>Abt Associates</cntorg>
					<cntper>REQUIRED: The person responsible for the metadata information.</cntper>
				</cntorgp>
				<cntaddr>
					<addrtype>mailing and physical address</addrtype>
					<address>4800 Montgomery Lane</address>
					<city>Bethesda</city>
					<state>MD</state>
					<postal>20814</postal>
				</cntaddr>
				<cntvoice>REQUIRED: The telephone number by which individuals can speak to the organization or individual.</cntvoice>
			</cntinfo>
		</metc>
		<metstdn Sync="TRUE">FGDC Content Standards for Digital Geospatial Metadata</metstdn>
		<metstdv Sync="TRUE">FGDC-STD-001-1998</metstdv>
		<mettc Sync="TRUE">local time</mettc>
		<metextns>
			<onlink>http://www.esri.com/metadata/esriprof80.html</onlink>
			<metprof>ESRI Metadata Profile</metprof>
		</metextns>
		<metextns>
			<onlink>http://www.esri.com/metadata/esriprof80.html</onlink>
			<metprof>ESRI Metadata Profile</metprof>
		</metextns>
		<langmeta Sync="TRUE">en</langmeta><metextns><onlink Sync="TRUE">http://www.esri.com/metadata/esriprof80.html</onlink><metprof Sync="TRUE">ESRI Metadata Profile</metprof></metextns></metainfo>
	<Esri><MetaID>{B2A413DB-029D-45F3-9081-B56B1A7B3714}</MetaID><CreaDate>20070228</CreaDate><CreaTime>08552300</CreaTime><SyncOnce>FALSE</SyncOnce><SyncDate>20070409</SyncDate><SyncTime>22385300</SyncTime><ModDate>20070409</ModDate><ModTime>22385300</ModTime></Esri><dataIdInfo><envirDesc Sync="TRUE">Microsoft Windows XP Version 5.1 (Build 2600) Service Pack 2; ESRI ArcCatalog 9.2.1.1332</envirDesc><dataLang><languageCode Sync="TRUE" value="en"></languageCode></dataLang><idCitation><resTitle Sync="TRUE">villages2004</resTitle><presForm><PresFormCd Sync="TRUE" value="005"></PresFormCd></presForm></idCitation><spatRpType><SpatRepTypCd Sync="TRUE" value="001"></SpatRepTypCd></spatRpType><dataExt><geoEle><GeoBndBox esriExtentType="native"><westBL Sync="TRUE">42.569629</westBL><eastBL Sync="TRUE">54.519171</eastBL><northBL Sync="TRUE">18.656653</northBL><southBL Sync="TRUE">12.16841</southBL><exTypeCode Sync="TRUE">1</exTypeCode></GeoBndBox></geoEle></dataExt><geoBox esriExtentType="decdegrees"><westBL Sync="TRUE">42.569629</westBL><eastBL Sync="TRUE">54.519171</eastBL><northBL Sync="TRUE">18.656653</northBL><southBL Sync="TRUE">12.16841</southBL><exTypeCode Sync="TRUE">1</exTypeCode></geoBox></dataIdInfo><mdLang><languageCode Sync="TRUE" value="en"></languageCode></mdLang><mdStanName Sync="TRUE">ISO 19115 Geographic Information - Metadata</mdStanName><mdStanVer Sync="TRUE">DIS_ESRI1.0</mdStanVer><mdChar><CharSetCd Sync="TRUE" value="004"></CharSetCd></mdChar><mdHrLv><ScopeCd Sync="TRUE" value="005"></ScopeCd></mdHrLv><mdHrLvName Sync="TRUE">dataset</mdHrLvName><distInfo><distributor><distorFormat><formatName Sync="TRUE">Shapefile</formatName></distorFormat></distributor></distInfo><refSysInfo><RefSystem><refSysID><identCode Sync="TRUE">GCS_WGS_1984</identCode></refSysID></RefSystem></refSysInfo><spatRepInfo><VectSpatRep><topLvl><TopoLevCd Sync="TRUE" value="001"></TopoLevCd></topLvl><geometObjs Name="villages2004"><geoObjTyp><GeoObjTypCd Sync="TRUE" value="004"></GeoObjTypCd></geoObjTyp><geoObjCnt Sync="TRUE">112974</geoObjCnt></geometObjs></VectSpatRep></spatRepInfo><mdDateSt Sync="TRUE">20070409</mdDateSt></metadata>
