<?xml version="1.0" encoding="ISO-8859-1"?>
<!DOCTYPE metadata SYSTEM "http://www.fgdc.gov/metadata/fgdc-std-001-1998.dtd">
<metadata>
	<idinfo>
		<citation>
			<citeinfo>
				<origin>Ministry of Local Administration</origin>
				<pubdate>May 2006</pubdate>
				<title Sync="TRUE">Governorate</title>
				<geoform Sync="TRUE">vector digital data</geoform>
				<onlink Sync="TRUE">\\STATION-9686\C$\yemenhealth gis\shapefile\Governorate.shp</onlink>
				<ftname Sync="TRUE">Governorate</ftname></citeinfo>
		</citation>
		<descript>
			<abstract>Governorate administrative boundaries</abstract>
			<purpose>Governorate administrative boundaries</purpose>
			<supplinf>Last update May 2006 by Yemen Ministry of Local Administration (MOLA).  Original shapefiles created in early 1990s by the Central Statistics Organization (CSO), scanned from 50k maps produced in 1986.</supplinf>
			<langdata Sync="TRUE">en</langdata></descript>
		<timeperd>
			<timeinfo>
				<sngdate>
					<caldate>May 2006</caldate>
				</sngdate>
			</timeinfo>
			<current>publication date</current>
		</timeperd>
		<status>
			<progress>Complete</progress>
			<update>As needed</update>
		</status>
		<spdom>
			<bounding>
				<westbc Sync="TRUE">41.816048</westbc>
				<eastbc Sync="TRUE">54.530539</eastbc>
				<northbc Sync="TRUE">18.999999</northbc>
				<southbc Sync="TRUE">12.111091</southbc>
			</bounding>
			<lboundng><leftbc Sync="TRUE">41.816048</leftbc><rightbc Sync="TRUE">54.530539</rightbc><bottombc Sync="TRUE">12.111091</bottombc><topbc Sync="TRUE">18.999999</topbc></lboundng></spdom>
		<keywords>
			<theme>
				<themekt>Yemen</themekt>
				<themekey>Yemen, Administrative Boundaries, Governorates</themekey>
			</theme>
		</keywords>
		<accconst>None</accconst>
		<useconst>None</useconst>
		<ptcontac>
			<cntinfo>
				<cntorgp>
					<cntorg>Ministry of Local Administration</cntorg>
				</cntorgp>
			</cntinfo>
		</ptcontac>
		<datacred>Ministry of Local Administration</datacred>
		<native Sync="TRUE">Microsoft Windows XP Version 5.1 (Build 2600) Service Pack 2; ESRI ArcCatalog 9.0.0.535</native>
		<natvform Sync="TRUE">Shapefile</natvform></idinfo>
	<dataqual>
		<lineage>
			<procstep>
				<procdesc>Dataset copied.</procdesc>
				<srcused>D:\abt\PHR-PLUS\Modified-Data\Base_Map\MOLA-FINAL2\gov06</srcused>
			</procstep>
			<procstep>
				<procdesc>Dataset copied.</procdesc>
				<srcused></srcused>
			</procstep>
			<procstep><procdesc Sync="TRUE">Metadata imported.</procdesc><srcused Sync="TRUE">C:\YemenHealth GIS\Metadata\Governorate.xml</srcused><date Sync="TRUE">20060613</date><time Sync="TRUE">13510400</time></procstep></lineage>
	</dataqual>
	<spdoinfo>
		<direct Sync="TRUE">Vector</direct>
		<ptvctinf>
			<sdtsterm Name="Governorate">
				<sdtstype Sync="TRUE">G-polygon</sdtstype>
				<ptvctcnt Sync="TRUE">0</ptvctcnt>
			</sdtsterm>
			<esriterm Name="Governorate"><efeatyp Sync="TRUE">Simple</efeatyp><efeageom Sync="TRUE">Polygon</efeageom><esritopo Sync="TRUE">FALSE</esritopo><efeacnt Sync="TRUE">0</efeacnt><spindex Sync="TRUE">FALSE</spindex><linrefer Sync="TRUE">FALSE</linrefer></esriterm></ptvctinf>
	</spdoinfo>
	<spref>
		<horizsys>
			<geograph>
				<latres Sync="TRUE">0.000000</latres>
				<longres Sync="TRUE">0.000000</longres>
				<geogunit Sync="TRUE">Decimal degrees</geogunit>
			</geograph>
			<geodetic>
				<horizdn Sync="TRUE">D_WGS_1984</horizdn>
				<ellips Sync="TRUE">WGS_1984</ellips>
				<semiaxis Sync="TRUE">6378137.000000</semiaxis>
				<denflat Sync="TRUE">298.257224</denflat>
			</geodetic>
			<cordsysn><geogcsn Sync="TRUE">GCS_WGS_1984</geogcsn></cordsysn></horizsys>
		<vertdef>
			<altsys>
				<altres Sync="TRUE">0.000010</altres>
				<altenc Sync="TRUE">Explicit elevation coordinate included with horizontal coordinates</altenc>
			</altsys>
		</vertdef>
	</spref>
	<eainfo>
		<detailed Name="Governorate">
			<attr>
				<attrlabl>Shape</attrlabl>
				<attrdef>Feature geometry.</attrdef>
				<attrdefs>ESRI</attrdefs>
				<attrdomv>
					<udom>Coordinates defining the features.</udom>
				</attrdomv>
			</attr>
			<attr>
				<attrlabl>Shape_Area</attrlabl>
				<attrdef>Area of feature in internal units squared.</attrdef>
				<attrdefs>ESRI</attrdefs>
				<attrdomv>
					<udom>Positive real numbers that are automatically generated.</udom>
				</attrdomv>
			</attr>
			<enttyp>
				<enttypl Sync="TRUE">Governorate</enttypl>
				<enttypt Sync="TRUE">Feature Class</enttypt><enttypc Sync="TRUE">0</enttypc></enttyp>
			<attr><attrlabl Sync="TRUE">FID</attrlabl><attalias Sync="TRUE">FID</attalias><attrtype Sync="TRUE">Number</attrtype><attwidth Sync="TRUE">4</attwidth><attrdef Sync="TRUE">Internal feature number.</attrdef><attrdefs Sync="TRUE">ESRI</attrdefs><attrdomv><udom Sync="TRUE">Sequential unique whole numbers that are automatically generated.</udom></attrdomv></attr><attr><attrlabl Sync="TRUE">Governorat</attrlabl><attalias Sync="TRUE">Governorat</attalias><attrtype Sync="TRUE">String</attrtype><attwidth Sync="TRUE">254</attwidth></attr><attr><attrlabl Sync="TRUE">Governor_1</attrlabl><attalias Sync="TRUE">Governor_1</attalias><attrtype Sync="TRUE">String</attrtype><attwidth Sync="TRUE">254</attwidth></attr><attr><attrlabl Sync="TRUE">Governor_2</attrlabl><attalias Sync="TRUE">Governor_2</attalias><attrtype Sync="TRUE">Float</attrtype><attwidth Sync="TRUE">19</attwidth><atnumdec Sync="TRUE">11</atnumdec></attr><attr><attrlabl Sync="TRUE">Shape_Leng</attrlabl><attalias Sync="TRUE">Shape_Leng</attalias><attrtype Sync="TRUE">Float</attrtype><attwidth Sync="TRUE">19</attwidth><atnumdec Sync="TRUE">11</atnumdec></attr></detailed>
	</eainfo>
	<distinfo>
		<resdesc>Downloadable Data</resdesc>
		<stdorder><digform><digtinfo><transize Sync="TRUE">0.000</transize><dssize Sync="TRUE">0.000</dssize></digtinfo></digform></stdorder></distinfo>
	<metainfo>
		<metd Sync="TRUE">20061003</metd>
		<metc>
			<cntinfo>
				<cntorgp>
					<cntorg>REQUIRED: The organization responsible for the metadata information.</cntorg>
					<cntper>REQUIRED: The person responsible for the metadata information.</cntper>
				</cntorgp>
				<cntaddr>
					<addrtype>REQUIRED: The mailing and/or physical address for the organization or individual.</addrtype>
					<city>REQUIRED: The city of the address.</city>
					<state>REQUIRED: The state or province of the address.</state>
					<postal>REQUIRED: The ZIP or other postal code of the address.</postal>
				</cntaddr>
				<cntvoice>REQUIRED: The telephone number by which individuals can speak to the organization or individual.</cntvoice>
			</cntinfo>
		</metc>
		<metstdn Sync="TRUE">FGDC Content Standards for Digital Geospatial Metadata</metstdn>
		<metstdv Sync="TRUE">FGDC-STD-001-1998</metstdv>
		<mettc Sync="TRUE">local time</mettc>
		<metextns>
			<onlink>http://www.esri.com/metadata/esriprof80.html</onlink>
			<metprof>ESRI Metadata Profile</metprof>
		</metextns>
		<langmeta Sync="TRUE">en</langmeta><metextns><onlink Sync="TRUE">http://www.esri.com/metadata/esriprof80.html</onlink><metprof Sync="TRUE">ESRI Metadata Profile</metprof></metextns></metainfo>
	<Esri><MetaID>{9D82D1F5-7221-47E6-882F-02748C39C868}</MetaID><CreaDate>20060613</CreaDate><CreaTime>13510400</CreaTime><SyncOnce>FALSE</SyncOnce><SyncDate>20061003</SyncDate><SyncTime>14042900</SyncTime><ModDate>20061003</ModDate><ModTime>14042900</ModTime><DataProperties><lineage><Process ToolSource="C:\Program Files\ArcGIS\ArcToolbox\Toolboxes\Data Management Tools.tbx\CopyFeatures" Date="20061003" Time="140300">CopyFeatures "C:\YemenHealth GIS\GeoDatabase\AdministrativeBoundariesGDB.mdb\Governorate" "C:\YemenHealth GIS\GeoDatabase\YemenBoundariesGDB.mdb\Governorate" # 0 0 0</Process><Process ToolSource="C:\Program Files\ArcGIS\ArcToolbox\Toolboxes\Data Management Tools.tbx\CopyFeatures" Date="20061003" Time="140429">CopyFeatures "C:\YemenHealth GIS\GeoDatabase\YemenBoundariesGDB.mdb\Governorate" "C:\YemenHealth GIS\Shapefile\Governorate.shp" # 0 0 0</Process></lineage></DataProperties></Esri><dataIdInfo><envirDesc Sync="TRUE">Microsoft Windows XP Version 5.1 (Build 2600) Service Pack 2; ESRI ArcCatalog 9.0.0.535</envirDesc><dataLang><languageCode Sync="TRUE" value="en"></languageCode></dataLang><idCitation><resTitle Sync="TRUE">Governorate</resTitle><presForm><PresFormCd Sync="TRUE" value="005"></PresFormCd></presForm></idCitation><spatRpType><SpatRepTypCd Sync="TRUE" value="001"></SpatRepTypCd></spatRpType><dataExt><geoEle><GeoBndBox esriExtentType="native"><westBL Sync="TRUE">41.816048</westBL><eastBL Sync="TRUE">54.530539</eastBL><northBL Sync="TRUE">18.999999</northBL><southBL Sync="TRUE">12.111091</southBL><exTypeCode Sync="TRUE">1</exTypeCode></GeoBndBox></geoEle></dataExt><geoBox esriExtentType="decdegrees"><westBL Sync="TRUE">41.816048</westBL><eastBL Sync="TRUE">54.530539</eastBL><northBL Sync="TRUE">18.999999</northBL><southBL Sync="TRUE">12.111091</southBL><exTypeCode Sync="TRUE">1</exTypeCode></geoBox></dataIdInfo><mdLang><languageCode Sync="TRUE" value="en"></languageCode></mdLang><mdStanName Sync="TRUE">ISO 19115 Geographic Information - Metadata</mdStanName><mdStanVer Sync="TRUE">DIS_ESRI1.0</mdStanVer><mdChar><CharSetCd Sync="TRUE" value="004"></CharSetCd></mdChar><mdHrLv><ScopeCd Sync="TRUE" value="005"></ScopeCd></mdHrLv><mdHrLvName Sync="TRUE">dataset</mdHrLvName><distInfo><distributor><distorTran><onLineSrc><orDesc Sync="TRUE">002</orDesc><linkage Sync="TRUE">file://\\STATION-9686\C$\yemenhealth gis\shapefile\Governorate.shp</linkage><protocol Sync="TRUE">Local Area Network</protocol></onLineSrc><transSize Sync="TRUE">0.000</transSize></distorTran><distorFormat><formatName Sync="TRUE">Shapefile</formatName></distorFormat></distributor></distInfo><refSysInfo><RefSystem><refSysID><identCode Sync="TRUE">GCS_WGS_1984</identCode></refSysID></RefSystem></refSysInfo><spatRepInfo><VectSpatRep><topLvl><TopoLevCd Sync="TRUE" value="001"></TopoLevCd></topLvl><geometObjs Name="Governorate"><geoObjTyp><GeoObjTypCd Sync="TRUE" value="001"></GeoObjTypCd></geoObjTyp><geoObjCnt Sync="TRUE">0</geoObjCnt></geometObjs></VectSpatRep></spatRepInfo><mdDateSt Sync="TRUE">20061003</mdDateSt></metadata>
