<?xml version="1.0"?>
<!--<!DOCTYPE metadata SYSTEM "http://www.esri.com/metadata/esriprof80.dtd">-->
<metadata xml:lang="en"><Esri><MetaID>{75F9B68C-70CA-474F-9A11-FE4FB8ABB07C}</MetaID><CreaDate>20060523</CreaDate><CreaTime>09554100</CreaTime><SyncOnce>FALSE</SyncOnce><DataProperties><lineage><Process Name="Create Feature Class" ToolSource="C:\Program Files\ArcGIS\ArcToolbox\Toolboxes\Data Management Tools.tbx\CreateFeatureclass" Date="20060523" Time="095541">CreateFeatureclass "C:\YemenHealth GIS\GeoDatabase\WadiesGDB.mdb" Wadies # wadies_Layer SAME_AS_TEMPLATE SAME_AS_TEMPLATE "GEOGCS['GCS_Assumed_Geographic_1',DATUM['D_North_American_1927',SPHEROID['Clarke_1866',6378206.4,294.9786982]],PRIMEM['Greenwich',0.0],UNIT['Degree',0.0174532925199433]];-85.656134 -118.653584 7999999.992549;0.000000 100000.000000;0.000000 100000.000000" # 0 0 0 "C:\YemenHealth GIS\GeoDatabase\WadiesGDB.mdb\Wadies"</Process><Process Name="Append" ToolSource="C:\Program Files\ArcGIS\ArcToolbox\Toolboxes\Data Management Tools.tbx\Append" Date="20060523" Time="095543">Append wadies_Layer "C:\YemenHealth GIS\GeoDatabase\WadiesGDB.mdb\Wadies" TEST "C:\YemenHealth GIS\GeoDatabase\WadiesGDB.mdb\Wadies"</Process><Process Name="FeatureClassToFeatureClass_1" ToolSource="C:\Program Files\ArcGIS\ArcToolbox\Toolboxes\Conversion Tools.tbx\FeatureClassToFeatureClass" Date="20060523" Time="095543">FeatureClassToFeatureClass F:\PHR-PLUS\Modified-Data\Base_Map\wadies.shp "C:\YemenHealth GIS\GeoDatabase\WadiesGDB.mdb" Wadies # "FNODE_ FNODE_ VISIBLE;TNODE_ TNODE_ VISIBLE;LPOLY_ LPOLY_ VISIBLE;RPOLY_ RPOLY_ VISIBLE;LENGTH LENGTH VISIBLE;STREAM_ STREAM_ VISIBLE;STREAM_ID STREAM_ID VISIBLE" SAME_AS_TEMPLATE SAME_AS_TEMPLATE # 0 "C:\YemenHealth GIS\GeoDatabase\WadiesGDB.mdb\Wadies"</Process><Process Name="DeleteField_2" ToolSource="C:\Program Files\ArcGIS\ArcToolbox\Toolboxes\Data Management Tools.tbx\DeleteField" Date="20060523" Time="100033">DeleteField "C:\YemenHealth GIS\GeoDatabase\WadiesGDB.mdb\Wadies" FNODE_;TNODE_;LPOLY_;RPOLY_;STREAM_ID "C:\YemenHealth GIS\GeoDatabase\WadiesGDB.mdb\Wadies"</Process><Process Name="DefineProjection_1" ToolSource="C:\Program Files\ArcGIS\ArcToolbox\Toolboxes\Data Management Tools.tbx\DefineProjection" Date="20060528" Time="144648">DefineProjection C:\HealthGIS\GeoData\WadiesGDB.mdb\Wadies GEOGCS['GCS_WGS_1984',DATUM['D_WGS_1984',SPHEROID['WGS_1984',6378137.0,298.257223563]],PRIMEM['Greenwich',0.0],UNIT['Degree',0.0174532925199433]] C:\HealthGIS\GeoData\WadiesGDB.mdb\Wadies</Process><Process Name="Clip_1" ToolSource="C:\Program Files\ArcGIS\ArcToolbox\Toolboxes\Analysis Tools.tbx\Clip" Date="20060528" Time="151310">Clip Wadies Yemen C:\HealthGIS\GeoData\WadiesGDB.mdb\Wadies_Clip #</Process><Process ToolSource="C:\Program Files\ArcGIS\ArcToolbox\Toolboxes\Data Management Tools.tbx\CopyFeatures" Date="20061003" Time="140502">CopyFeatures "C:\YemenHealth GIS\GeoDatabase\WadiesGDB.mdb\Wadies" "C:\YemenHealth GIS\Shapefile\Wadies.shp" # 0 0 0</Process></lineage></DataProperties><SyncDate>20061003</SyncDate><SyncTime>14050100</SyncTime><ModDate>20061003</ModDate><ModTime>14050100</ModTime></Esri><idinfo><native Sync="TRUE">Microsoft Windows XP Version 5.1 (Build 2600) Service Pack 2; ESRI ArcCatalog 9.0.0.535</native><descript><langdata Sync="TRUE">en</langdata><abstract>Wadies</abstract><purpose>Wadies</purpose><supplinf>Digitized by YemenDot from Robertson Group PLC topo maps (1:1,000,000).  Maps produced in 1990.</supplinf></descript><citation><citeinfo><origin>YemenDot</origin><pubdate>2002</pubdate><title Sync="TRUE">Wadies</title><ftname Sync="TRUE">Wadies</ftname><geoform Sync="TRUE">vector digital data</geoform><onlink Sync="TRUE">\\STATION-9686\C$\yemenhealth gis\shapefile\Wadies.shp</onlink></citeinfo></citation><timeperd><current>publication date</current><timeinfo><sngdate><caldate>2002</caldate></sngdate></timeinfo></timeperd><status><progress>Complete</progress><update>None planned</update></status><spdom><bounding><westbc Sync="TRUE">42.704235</westbc><eastbc Sync="TRUE">54.418953</eastbc><northbc Sync="TRUE">18.800285</northbc><southbc Sync="TRUE">12.328496</southbc></bounding><lboundng><leftbc Sync="TRUE">42.704235</leftbc><rightbc Sync="TRUE">54.418953</rightbc><bottombc Sync="TRUE">12.328496</bottombc><topbc Sync="TRUE">18.800285</topbc></lboundng></spdom><keywords><theme><themekt>Wadies, rivers</themekt><themekey>Wadies, rivers</themekey></theme></keywords><accconst>None</accconst><useconst>None</useconst><natvform Sync="TRUE">Shapefile</natvform><ptcontac><cntinfo><cntorgp><cntorg>YemenDot</cntorg></cntorgp></cntinfo></ptcontac><datacred>YemenDot</datacred></idinfo><dataIdInfo><envirDesc Sync="TRUE">Microsoft Windows XP Version 5.1 (Build 2600) Service Pack 2; ESRI ArcCatalog 9.0.0.535</envirDesc><dataLang><languageCode Sync="TRUE" value="en"></languageCode></dataLang><idCitation><resTitle Sync="TRUE">Wadies</resTitle><presForm><PresFormCd Sync="TRUE" value="005"></PresFormCd></presForm></idCitation><spatRpType><SpatRepTypCd Sync="TRUE" value="001"></SpatRepTypCd></spatRpType><dataExt><geoEle><GeoBndBox esriExtentType="native"><westBL Sync="TRUE">42.704235</westBL><eastBL Sync="TRUE">54.418953</eastBL><northBL Sync="TRUE">18.800285</northBL><southBL Sync="TRUE">12.328496</southBL><exTypeCode Sync="TRUE">1</exTypeCode></GeoBndBox></geoEle></dataExt><geoBox esriExtentType="decdegrees"><westBL Sync="TRUE">42.704235</westBL><eastBL Sync="TRUE">54.418953</eastBL><northBL Sync="TRUE">18.800285</northBL><southBL Sync="TRUE">12.328496</southBL><exTypeCode Sync="TRUE">1</exTypeCode></geoBox></dataIdInfo><metainfo><langmeta Sync="TRUE">en</langmeta><metstdn Sync="TRUE">FGDC Content Standards for Digital Geospatial Metadata</metstdn><metstdv Sync="TRUE">FGDC-STD-001-1998</metstdv><mettc Sync="TRUE">local time</mettc><metc><cntinfo><cntorgp><cntper>REQUIRED: The person responsible for the metadata information.</cntper><cntorg>REQUIRED: The organization responsible for the metadata information.</cntorg></cntorgp><cntaddr><addrtype>REQUIRED: The mailing and/or physical address for the organization or individual.</addrtype><city>REQUIRED: The city of the address.</city><state>REQUIRED: The state or province of the address.</state><postal>REQUIRED: The ZIP or other postal code of the address.</postal></cntaddr><cntvoice>REQUIRED: The telephone number by which individuals can speak to the organization or individual.</cntvoice></cntinfo></metc><metd Sync="TRUE">20061003</metd><metextns><onlink Sync="TRUE">http://www.esri.com/metadata/esriprof80.html</onlink><metprof Sync="TRUE">ESRI Metadata Profile</metprof></metextns></metainfo><mdLang><languageCode Sync="TRUE" value="en"></languageCode></mdLang><mdStanName Sync="TRUE">ISO 19115 Geographic Information - Metadata</mdStanName><mdStanVer Sync="TRUE">DIS_ESRI1.0</mdStanVer><mdChar><CharSetCd Sync="TRUE" value="004"></CharSetCd></mdChar><mdHrLv><ScopeCd Sync="TRUE" value="005"></ScopeCd></mdHrLv><mdHrLvName Sync="TRUE">dataset</mdHrLvName><distinfo><resdesc Sync="TRUE">Downloadable Data</resdesc><stdorder><digform><digtinfo><transize Sync="TRUE">0.000</transize><dssize Sync="TRUE">0.000</dssize></digtinfo></digform></stdorder></distinfo><distInfo><distributor><distorTran><onLineSrc><orDesc Sync="TRUE">002</orDesc><linkage Sync="TRUE">file://\\STATION-9686\C$\yemenhealth gis\shapefile\Wadies.shp</linkage><protocol Sync="TRUE">Local Area Network</protocol></onLineSrc><transSize Sync="TRUE">0.000</transSize></distorTran><distorFormat><formatName Sync="TRUE">Shapefile</formatName></distorFormat></distributor></distInfo><spdoinfo><direct Sync="TRUE">Vector</direct><ptvctinf><esriterm Name="Wadies"><efeatyp Sync="TRUE">Simple</efeatyp><efeageom Sync="TRUE">Polyline</efeageom><esritopo Sync="TRUE">FALSE</esritopo><efeacnt Sync="TRUE">0</efeacnt><spindex Sync="TRUE">FALSE</spindex><linrefer Sync="TRUE">FALSE</linrefer></esriterm><sdtsterm Name="Wadies"><sdtstype Sync="TRUE">String</sdtstype><ptvctcnt Sync="TRUE">0</ptvctcnt></sdtsterm></ptvctinf></spdoinfo><spref><horizsys><cordsysn><geogcsn Sync="TRUE">GCS_WGS_1984</geogcsn></cordsysn><geograph><geogunit Sync="TRUE">Decimal degrees</geogunit><latres Sync="TRUE">0.000000</latres><longres Sync="TRUE">0.000000</longres></geograph><geodetic><horizdn Sync="TRUE">D_WGS_1984</horizdn><ellips Sync="TRUE">WGS_1984</ellips><semiaxis Sync="TRUE">6378137.000000</semiaxis><denflat Sync="TRUE">298.257224</denflat></geodetic></horizsys><vertdef><altsys><altenc Sync="TRUE">Explicit elevation coordinate included with horizontal coordinates</altenc><altres Sync="TRUE">0.000010</altres></altsys></vertdef></spref><refSysInfo><RefSystem><refSysID><identCode Sync="TRUE">GCS_WGS_1984</identCode></refSysID></RefSystem></refSysInfo><spatRepInfo><VectSpatRep><topLvl><TopoLevCd Sync="TRUE" value="001"></TopoLevCd></topLvl><geometObjs Name="Wadies"><geoObjTyp><GeoObjTypCd Sync="TRUE" value="001"></GeoObjTypCd></geoObjTyp><geoObjCnt Sync="TRUE">0</geoObjCnt></geometObjs></VectSpatRep></spatRepInfo><eainfo><detailed Name="Wadies"><enttyp><enttypl Sync="TRUE">Wadies</enttypl><enttypt Sync="TRUE">Feature Class</enttypt><enttypc Sync="TRUE">0</enttypc></enttyp><attr><attrlabl Sync="TRUE">Shape</attrlabl><attalias Sync="TRUE">Shape</attalias><attrtype Sync="TRUE">Geometry</attrtype><attwidth Sync="TRUE">0</attwidth><atprecis Sync="TRUE">0</atprecis><attscale Sync="TRUE">0</attscale><attrdef Sync="TRUE">Feature geometry.</attrdef><attrdefs Sync="TRUE">ESRI</attrdefs><attrdomv><udom Sync="TRUE">Coordinates defining the features.</udom></attrdomv></attr><attr><attrlabl Sync="TRUE">LENGTH</attrlabl><attalias Sync="TRUE">LENGTH</attalias><attrtype Sync="TRUE">Double</attrtype><attwidth Sync="TRUE">8</attwidth><atprecis Sync="TRUE">0</atprecis><attscale Sync="TRUE">0</attscale></attr><attr><attrlabl Sync="TRUE">STREAM_</attrlabl><attalias Sync="TRUE">STREAM_</attalias><attrtype Sync="TRUE">Float</attrtype><attwidth Sync="TRUE">19</attwidth><atnumdec Sync="TRUE">11</atnumdec></attr><attr><attrlabl Sync="TRUE">FID</attrlabl><attalias Sync="TRUE">FID</attalias><attrtype Sync="TRUE">Float</attrtype><attwidth Sync="TRUE">19</attwidth><attrdef Sync="TRUE">Internal feature number.</attrdef><attrdefs Sync="TRUE">ESRI</attrdefs><attrdomv><udom Sync="TRUE">Sequential unique whole numbers that are automatically generated.</udom></attrdomv><atnumdec Sync="TRUE">11</atnumdec></attr><attr><attrlabl Sync="TRUE">Shape_Leng</attrlabl><attalias Sync="TRUE">Shape_Leng</attalias><attrtype Sync="TRUE">Float</attrtype><attwidth Sync="TRUE">19</attwidth><atnumdec Sync="TRUE">11</atnumdec></attr></detailed></eainfo><mdDateSt Sync="TRUE">20061003</mdDateSt></metadata>
